AS3,Massachusetts Institute of Technology
AS73,University of Washington
AS104,University of Colorado at Boulder
AS158,Ericsson Inc.
AS174,"""Cogent Communications", LLC"
AS209,Lumen (ex. Qwest)
AS224,Sikt (Uninett)
AS239,University of Toronto
AS292,ESnet
AS378,IUCC - Israel InterUniversity Computation Center
AS553,BelWü
AS559,SWITCH
AS577,Bell Canada
AS680,Deutsches Forschungsnetz (DFN)
AS701,Verizon Business
AS719,Elisa Oyj
AS786,Jisc Services Limited
AS803,Saskatchewan Telecommunications
AS852,TELUS Communications Inc.
AS949,xTom
AS992,Modest Labs LLC
AS1050,Onvox LLC
AS1088,"""Greenlight Networks", LLC"
AS1103,SURF B.V.
AS1128,Technische Universiteit Delft
AS1133,University of Twente
AS1136,KPN B.V.
AS1140,Stichting Internet Domeinregistratie Nederland
AS1200,Amsterdam Internet Exchange B.V.
AS1213,ASIERA TECHNOLOGY SERVICES CLG
AS1221,Telstra Limited
AS1241,Nova Telecommunications & Media Single Member S.A
AS1257,Tele2 Sverige AB
AS1273,Vodafone Group PLC
AS1299,Arelion (fka. Telia Carrier)
AS1403,EBOX
AS1547,Interdnestrcom SZAO
AS1653,Vetenskapsrådet / SUNET
AS1659,Taiwan Academic Network (TANet) Information Center
AS1734,Contra Costa County Regional Occupation Program / Richmond
AS1741,CSC - Tieteen tietotekniikan keskus Oy
AS1759,Telia Finland Oyj
AS1764,Next Layer Telecommunications
AS1797,Uruguay
AS1835,Forskningsnettet - Danish NREN
AS1886,BT NET d.o.o. za trgovinu i usluge
AS1888,Stichting Centrum voor Wiskunde en Informatica
AS1897,"""NOS COMUNICACOES", S.A."
AS1926,Tampere University Foundation
AS1930,"""Fundacao para a Ciencia e a Tecnologia", I.P."
AS2018,TENET (The UNINET Project)
AS2027,MilkyWan
AS2108,Croatian Academic and Research Network
AS2119,Telenor Norge AS
AS2486,AFNIC (Association Francaise pour le Nommage Internet...
AS2497,Internet Initiative Japan Inc.
AS2518,BIGLOBE Inc.
AS2549,Universidad de Guadalajara
AS2552,Washington University
AS2602,Fondation RESTENA
AS2609,Tunisia BackBone AS
AS2611,BELNET
AS2613,Association Romandix
AS2637,Georgia Institute of Technology
AS2792,Deutsche Telekom AG
AS2843,Linköpings universitet
AS2852,CESNET z.s.p.o.
AS2857,Johannes Gutenberg-Universitaet Mainz
AS2860,"""NOS COMUNICACOES", S.A."
AS2914,"""NTT America", Inc."
AS3130,RGnet OU
AS3132,Red Cientifica Peruana
AS3209,Vodafone GmbH
AS3214,xTom GmbH
AS3215,Orange S.A.
AS3221,Estonian Education and Research Network
AS3238,Ålands Telekommunikation Ab
AS3249,Telia Eesti AS
AS3257,GTT Communications Inc.
AS3262,"""SAREnet", S.A."
AS3269,TIM S.p.A. (fka. Telecom Italia S.p.A.)
AS3292,TDC Holding A/S
AS3301,Telia Company AB
AS3303,Swisscom (Schweiz) AG
AS3308,Kundeselskabet Norlys A/S
AS3320,Deutsche Telekom AG
AS3326,Datagroup PJSC
AS3327,CITIC Telecom CPC Netherlands B.V.
AS3329,Vodafone Greece
AS3333,Reseaux IP Europeens Network Coordination Centre (RIPE NCC)
AS3352,TELEFONICA DE ESPANA S.A.U.
AS3356,Lumen (Level 3)
AS3399,Obenet AB
AS3462,HiNet (Chunghwa Telecom)
AS3549,Lumen (fka. Global Crossing)
AS3842,"""InMotion Hosting", Inc."
AS3927,RGnet OU
AS4128,RGnet OU
AS4181,TDS TELECOM
AS4474,"""TCT West", Inc."
AS4581,Socket Holdings Corporation
AS4713,NTT Communications Corporation (OCN)
AS4725,SoftBank Corp.
AS4760,HKT Limited
AS4764,Aussie Fibre Pty Ltd
AS4788,TM Technology Services Sdn. Bhd.
AS4826,Vocus Connect International Backbone
AS5089,Virgin Media Limited
AS5379,"Univerzitet """"Sv. Kiril i Metodij"""""
AS5405,Inter.link GmbH
AS5408,National Infrastructures for Research and Technology S.A.
AS5413,Wavenet Limited
AS5436,Computacenter France SAS
AS5459,London Internet Exchange Ltd.
AS5470,Aristotle University of Thessaloniki
AS5483,Magyar Telekom Plc.
AS5538,Institute of Mathematics and Computer Science of University of Latvia
AS5539,SpaceNet AG
AS5617,Orange Polska Spolka Akcyjna
AS5645,"""TekSavvy Solutions", Inc."
AS5786,University of Puerto Rico
AS6057,Administracion Nacional de Telecomunicaciones
AS6058,Northwestel Inc.
AS6079,Astound (fka. RCN)
AS6147,INTEGRATEL PERÚ S.A.A.
AS6167,Verizon Wireless
AS6233,xTom
AS6315,"""XMission", L.C."
AS6373,Opus One
AS6400,Claro Dominican Republic
AS6517,LAKENETWORKS
AS6661,POST Luxembourg
AS6667,Elisa Oyj
AS6712,VELTON ISP LLC
AS6730,Sunrise GmbH
AS6750,"""Soluciones Dinamicas de la Red", S.L."
AS6759,Pelion IoT Limited
AS6799,Ote SA (Hellenic Telecommunications Organisation)
AS6830,Liberty Global Europe Holding B.V.
AS6848,Telenet BV
AS6855,"""Slovak Telekom", a.s."
AS6866,Cyprus Telecommunications Authority
AS6881,NIX.CZ z.s.p.o.
AS6893,"""Saitis Network", N.Desir"
AS6939,Hurricane Electric LLC
AS7010,"""NELLICUS", LLC"
AS7029,Windstream Communications LLC
AS7065,"""Sonic.net", LLC"
AS7106,"""Com Net", Inc."
AS7122,Bell Canada
AS7195,EdgeUno
AS7203,"""Leaseweb USA", Inc."
AS7247,Mojo Networks
AS7418,TELEFÓNICA CHILE S.A.
AS7514,"""Computer Engineering & Consulting", Ltd."
AS7575,Australian Academic and Research Network (AARNet)
AS7578,Global Secure Layer
AS7645,Deakin University
AS7922,"""Comcast Cable Communications", LLC"
AS8075,Microsoft Corporation
AS8220,COLT
AS8240,Information System Authority Republic of Estonia
AS8253,Democritus University of Thrace
AS8302,Zattoo AG
AS8315,WorldStream B.V.
AS8330,LONAP Ltd
AS8362,NordNet SA
AS8365,Man-da.de GmbH
AS8400,Telekom Srbija a.d.
AS8426,Claranet Limited
AS8452,Telecom Egypt
AS8473,Bahnhof AB
AS8542,Eviny Fiber AS
AS8661,Telekomi i Kosoves SH.A.
AS8708,DIGI ROMANIA S.A.
AS8728,AS INFONET
AS8745,Bulgarian Academy of Sciences
AS8752,"AO """"ASVT"""""
AS8758,Iway AG
AS8767,M-net Telekommunikations GmbH
AS8820,tal.de GmbH
AS8860,Delta HighTech Ltd.
AS8887,"""TESATEL", s.r.o."
AS8888,xTom Pty Ltd
AS8893,Artfiles New Media GmbH
AS8916,Portfast Ltd
AS8978,Holy See - Vatican City State
AS8991,Hellenic Centre for Marine Research
AS9002,RETN Limited
AS9026,MYNET S.R.L.
AS9031,EDPNET Belgium BV
AS9069,UNIWA
AS9136,WOBCOM GmbH
AS9141,P4 Sp. z o.o.
AS9145,EWE TEL GmbH
AS9158,Telenor A/S
AS9312,xTom
AS9541,Cyber Internet Services (Pvt) Ltd.
AS9607,"""BroadBand Tower", Inc."
AS9735,Hong Kong Domain Name Registration Co. Ltd
AS9790,Two Degrees Networks Limited
AS9824,"""JCOM Co.", Ltd."
AS10143,Exetel Pty Ltd
AS10279,"""West Carolina Communications", LLC"
AS10352,Solarus
AS10364,University of Alabama in Huntsville
AS10620,Telmex Colombia S.A.
AS10796,Charter Communications Inc
AS11117,"""Nuyek", LLC"
AS11131,University of Maryland Baltimore County (UMBC)
AS11170,Roller Network LLC
AS11232,Midcontinent Communications
AS11351,Charter Communications Inc
AS11358,Tennant Software
AS11402,"""Charlotte Colocation Center", LLc"
AS11426,Charter Communications Inc
AS11427,Charter Communications Inc
AS11562,"""Net Uno", C.A."
AS11664,Techtel LMDS Comunicaciones Interactivas S.A.
AS11815,Cooperativa Telefonica de V.G.G. Ltda.
AS11830,Instituto Costarricense de Electricidad y Telecom.
AS11845,Vox Telecom Ltd
AS11967,Hop179 OU
AS12119,ITV-3
AS12127,Telefonica Moviles El Salvador S.A. de C.V.
AS12271,Charter Communications Inc
AS12276,San Francisco Metropolitan Internet Exchange (SFMIX)
AS12301,Invitech ICT Services Kft.
AS12306,Plus.line AG
AS12312,ecotel communication ag
AS12319,Informatika Zerbitzuen Foru Elkartea Sociedad Foral d...
AS12322,Free SAS
AS12334,"""R Cable y Telecable Telecomunicaciones", S.A.U."
AS12338,Euskaltel S.A.
AS12353,Vodafone Portugal - Communicacoes Pessoais S.A.
AS12360,KEVAG Telekom GmbH
AS12374,LF.net Netzwerksysteme GmbH
AS12392,Orange Belgium SA
AS12414,Solcon Internetdiensten B.V.
AS12479,Orange Espagne SA
AS12480,ILK Internet GmbH Rechnerkommunikation im Internet
AS12496,Infinity Developments Limited
AS12502,Dr.-Ing. Nepustil & Co. GmbH Internet Service Center ...
AS12540,IdecNet S.A.
AS12586,GHOSTnet GmbH
AS12611,R-KOM Regensburger
AS12620,Ticinocom SA
AS12628,JACO ENGELBRECHT
AS12676,HKN GmbH
AS12716,A1 Bulgaria EAD
AS12775,JPC Infonet Ltd
AS12779,IT.Gate S.p.A.
AS12816,Leibniz-Rechenzentrum
AS12847,Latvijas Mobilais Telefons SIA
AS12859,BIT BV
AS12874,Fastweb SpA
AS12876,Scaleway
AS12886,LEW TelNet GmbH
AS12897,ENTEGA Medianet GmbH
AS12906,Deltatre S.p.A.
AS12931,IDKOM Networks GmbH
AS12941,intersaar GmbH
AS12993,Delska Latvia
AS13036,T-Mobile Czech Republic a.s.
AS13037,Zen Internet Ltd
AS13045,htp GmbH
AS13092,Akademska mreza Republike Srbije - AMRES
AS13101,TNG Stadtnetz GmbH
AS13113,ISI Line srl
AS13124,A1 Bulgaria EAD
AS13150,CATO NETWORKS LTD
AS13246,Key-Systems GmbH
AS13251,QiTEC GmbH
AS13285,TalkTalk Communications Limited
AS13303,University of Nis
AS13335,"""Cloudflare", Inc."
AS13427,"""Softcom Internet Communications", Inc."
AS13428,"""Surf Air Wireless", LLC"
AS13490,"""Buckeye Cablevision", Inc."
AS13638,"""Metalink Technologies", Inc."
AS13781,Hopkinsville Electric System
AS13795,"""Smart Way Communications", LLC"
AS14007,Skyway West
AS14061,DigitalOcean LLC
AS14291,Antietam Broadband
AS14371,Paul Bunyan Communications
AS14383,"""M3COM of Virginia", Inc"
AS14618,"""Amazon.com", Inc."
AS14754,Claro Guatemala (Telgua)
AS14907,Wikimedia Foundation Inc.
AS15081,Omni Fiber
AS15085,"""Immedion", LLC"
AS15088,First Network Group Inc
AS15366,DNS:NET Internet Service GmbH
AS15401,Orange Business Services SA
AS15412,Flag Telecom UK Limited
AS15435,DELTA Fiber Nederland B.V.
AS15451,DATEV eG
AS15457,"""NOS Madeira Comunicacoes", S.A."
AS15502,Vodafone Ireland Limited
AS15547,netplus.ch SA
AS15557,SFR SA
AS15576,NTS workspace AG
AS15614,Dragon Internet a.s.
AS15623,Cyberlink AG
AS15626,ROUTE 95 LLC
AS15685,CASABLANCA INT a.s.
AS15693,Today Concepts B.V.
AS15694,Atman Sp. z o.o.
AS15704,XTRA TELECOM S.A.
AS15735,GO p.l.c.
AS15743,net.de AG
AS15817,Mittwald GmbH
AS15895,"""""Kyivstar"""" PJSC"
AS15943,wilhelm.tel GmbH
AS15954,"""Tecnocratica Centro de Datos", S.L."
AS15980,Uppsala University
AS15997,Intelligent Technologies S.A.
AS16019,Vodafone Czech Republic a.s.
AS16086,DNA Oyj
AS16117,Gavle Energi AB
AS16125,"UAB """"Cherry Servers"""""
AS16188,punkt.de GmbH
AS16223,"""MAXNET TELECOM", LTD"
AS16232,Telecom Italia S.p.A.
AS16302,Suomi Communications Oy
AS16509,"""Amazon.com", Inc."
AS16527,"""Guadalupe Valley Telephone Cooperative", Inc."
AS16735,Algar Telecom
AS16803,"""Myakka Communications", Inc."
AS16881,"""Prall", Inc., David C"
AS16906,"""El Salvador Network", S. A."
AS17024,BlueFur
AS17138,Matt Peterman Sole Proprietor
AS17222,MUNDIVOX DO BRASIL LTDA
AS17385,"""Orbitel Communications", LLC"
AS17415,Ming Yi Tea Farm
AS17676,SoftBank Corp.
AS17828,PNG DATACO LTD
AS18001,Dialog Axiata PLC.
AS18040,"""Aoter Networks Co.", Ltd"
AS18106,Viewqwest Pte Ltd
AS18403,FPT Telecom Company
AS18663,University of the Pacific
AS18792,Meme Holdings LLC
AS19116,"""Washington Broadband", Inc."
AS19148,"""Leaseweb USA", Inc."
AS19422,Telefonica Moviles del Uruguay SA
AS19751,Endeavor Communications
AS19901,Brightspeed
AS20001,Charter Communications Inc
AS20278,"""Nexeon Technologies", Inc."
AS20292,miriquidi networks GmbH
AS20412,Clarity Telecom LLC
AS20473,"""The Constant Company", LLC"
AS20495,We Dare B.V.
AS20545,Georgian Research and Educational Networking Associat...
AS20596,Future Publishing Ltd
AS20626,Sandviken Energi AB
AS20676,Plusnet GmbH
AS20686,Bisping & Bisping GmbH & Co KG
AS20694,NMMN GmbH
AS20764,CJSC RASCOM
AS20836,CDLAN SpA
AS20857,TransIP B.V. (team.blue NL)
AS20879,Digi Portugal
AS20904,Cinia Oy (fka. Netplaza)
AS20912,Panservice s.a.s. di Cuseo Fabrizio & C.
AS20972,Officine Informatiche Srl
AS20986,EasyTeam SAS
AS21034,Micso Information Technology Srl
AS21079,Oesterreichische Kontrollbank Aktiengesellschaft
AS21100,ROUTE 95 LLC
AS21183,Vodafone Albania (fka. Abcom)
AS21247,Association IP Synergies
AS21260,The Positive Internet Company Ltd
AS21263,TeleData GmbH
AS21320,GEANT Vereniging
AS21334,2Connect Telecommunications Infrastructure & Network ...
AS21336,INFORENT GmbH
AS21385,Trusted Network GmbH
AS21412,"UAB """"Cgates"""""
AS21413,Envia Tel GmbH
AS21623,Spacelink Systems
AS21700,"""Neptune Networks", LLC"
AS21903,Arnhem Networks LLC
AS22423,Altima Telecom
AS22439,"""Perfect International", Inc"
AS22442,"""Phonoscope", Inc."
AS22646,"""Hargray Communications Group", Inc."
AS22684,SSI Micro Ltd.
AS22709,"""North State Telephone", LLC"
AS22773,Cox Communications Inc.
AS22915,Acuity Technologies LLC
AS22927,Telefonica de Argentina
AS23007,Universidad de Los Andes
AS23031,TELECU TELECOMUNICACIONES DEL ECUADOR TELECUSA S.A.S.
AS23273,HostPapa
AS23459,applebee
AS23483,Shasta County Office of Education
AS23655,2degrees Networks Limited
AS23719,University of Sydney
AS23788,"""JCOM Co.", Ltd."
AS23947,PT Mora Telematika Indonesia Tbk
AS24164,UNION BROADBAND NETWORK
AS24309,Atria Convergence Technologies
AS24390,The University of the South Pacific
AS24482,SG.GS
AS24679,kyberio GmbH
AS24723,Atman Sp. z o.o.
AS24724,Atman Sp. z o.o.
AS24725,"LLC """"Hostmaster"""""
AS24776,INFOCLIP SA
AS24786,ProSiebenSat.1 Tech & Services GmbH
AS24806,"""INTERNET CZ", a.s."
AS24840,NICOS AG
AS24875,NovoServe B.V.
AS24904,K-Net SAS
AS24921,Latvijas Mobilais Telefons SIA
AS24971,MasterDC s.r.o.
AS25145,Teknotel Telekomunikasyon Sanayi Ve Ticaret A.S.
AS25192,"""CZ.NIC", z.s.p.o."
AS25229,"Limited Liability Company """"KYIVSKI TELEKOMUNIKATSIYNI..."
AS25248,RADIOKOMUNIKACE a.s.
AS25273,Broadcasting Center Europe (an RTL Group Company)
AS25353,BAR Informatik AG
AS25400,Telia Norge AS
AS25412,"""CORPORACIO CATALANA DE MITJANS AUDIOVISUALS", S.A."
AS25415,ADDIX GmbH
AS25417,Ljusnet AB
AS25424,CEZNET s.r.o.
AS25460,The Networking People (TNP) Limited
AS25512,CD-Telematika a.s.
AS25532,"LLC """"MASTERHOST"""""
AS25538,Internet Ulm/Neu-Ulm e.V.
AS25543,"""ONATEL (Office National des Telecommunications", PTT)"
AS26006,Exodo LLC
AS26195,Cyberri Technologies Inc.
AS26210,AXS Bolivia S. A.
AS26548,PureVoltage Hosting Inc.
AS26679,Heliacal Networks
AS26954,Mikhail Fedorov
AS27392,639 DC Main LLC
AS27411,"""Leaseweb USA", Inc."
AS27446,ERC Broadband
AS27839,Comteco Ltda
AS27983,Red Intercable Digital S.A.
AS28000,LACNIC - Latin American and Caribbean IP address
AS28343,Unifique Telecomunicações SA
AS28666,HostLocation Ltda
AS28676,WiTCOM Wiesbadener Informations- und Telekommunikatio...
AS28685,Routit BV
AS28714,Fraunhofer-Gesellschaft zur Foerderung der angewandte...
AS28725,CETIN a.s.
AS28728,Infornax Information Technology Zrt.
AS28760,Infotech EDV-Systeme GmbH
AS28768,Alpilink Cloud S.A.S.
AS28785,Asseco Cloud Sp. z o. o.
AS28854,SavMAN AB
AS29014,ScaleUp Technologies GmbH & Co. KG
AS29050,Terrecablate Reti e Servizi S.R.L.
AS29067,Hostmaster LLC
AS29075,IELO-LIAZO SERVICES SAS
AS29134,"""Webglobe", s.r.o."
AS29152,Decknet SARL
AS29169,GANDI SAS
AS29182,JSC IOT
AS29208,"""Quantcom", a.s."
AS29238,Nisatel LTD
AS29247,Ote SA (Hellenic Telecommunications Organisation)
AS29256,Syrian Telecommunication Private Closed Joint Stock Company
AS29287,Wien Energie GmbH
AS29405,VNET a.s.
AS29413,KOMRO Gesellschaft fuer Telekommunikation mit beschra...
AS29423,gridscale GmbH
AS29447,Iliad Italia S.p.A
AS29484,Ruhr-Universitaet Bochum
AS29505,Stadtwerke Luebeck Digital GmbH
AS29550,Team Blue Carrier Limited
AS29580,A1 Bulgaria EAD
AS29670,"Individual Network Berlin (""""IN-Berlin"""") e.V."
AS29695,Lyse Tele AS
AS29802,"""HIVELOCITY", Inc."
AS30321,Burning Man
AS30456,Cosmic Global Networks
AS30475,"""Handy Networks", LLC"
AS30536,"""Circle Computer Resources", Inc."
AS30742,Bremen Briteline GmbH
AS30764,PODA a.s.
AS30781,Free Pro SAS
AS30971,nic.at GmbH
AS30985,Orange Mali SA
AS31034,Aruba S.p.A.
AS31117,ENERGOTEL a.s.
AS31242,P4 Sp. z o.o.
AS31272,WildPark Co
AS31319,ESTRACOM SPA
AS31420,Terasyst Ltd
AS31493,TWENTYTWENTYMEDIA LIMITED
AS31510,Innsbrucker Kommunalbetriebe AG
AS31520,"PRIVATE JOINT STOCK COMPANY """"DATAGROUP"""""
AS31615,Odido Netherlands B.V.
AS31655,Gamma Telecom Holdings Ltd
AS31673,Uniserver Internet B.V.
AS31705,Europaischen Organisation fuer die Nutzung Meteorolog...
AS31712,Gigastream Limited
AS31775,"""Greenlight Networks", LLC"
AS31841,NEW KNOXVILLE TELEPHONE COMPANY
AS31919,Blue Ridge Mountain Electric Membership Corporation -...
AS31922,"""Datto", LLC"
AS32002,RackGenius
AS32133,Ting Fiber Inc.
AS32270,"""LD Telecommunications", Inc."
AS32425,Pixel Factory
AS32613,Leaseweb Canada Inc.
AS32723,Archtop Fiber
AS33097,Volo Broadband
AS33185,Hive Data Center Inc.
AS33362,"""Wikstrom Telephone Company", Incorporated"
AS33363,"""Charter Communications", Inc"
AS33915,Vodafone Libertel B.V.
AS33983,ARTMOTION SH.P.K.
AS33984,Surfplanet GmbH
AS34019,Hivane Association
AS34134,FreeClix Ltd
AS34372,VegaSystems GmbH & Co. KG
AS34428,Giulio Lo Presti
AS34467,"JSC Telephone Company """"Sotcom"""""
AS34524,Digital Communications Ltd.
AS34554,Antares Kommunikationstechnik AG
AS34606,B.B.Bell SPA
AS34622,Bredband i Kristianstad AB
AS34683,TELKEA TELECOM SA
AS34749,GLOBAL SERVICE PROVIDER S.A.
AS34758,Axera SpA
AS34854,Maria Merkel trading as Blahaj Studio
AS34867,Cosmonova LLC
AS34878,Karlsruhe Institute of Technology
AS34915,METROPOLITAN SERVICES SRL
AS34953,RelAix Networks GmbH
AS34970,Diatem SAS
AS34984,Superonline Iletisim Hizmetleri A.S.
AS35008,"""Kerfuffle", LLC"
AS35042,Layer7 Networks GmbH
AS35071,Xoom Limited
AS35132,Enivest AS
AS35141,A1 Bulgaria EAD
AS35158,DanskNet A/S
AS35258,akquinet outsourcing gGmbH
AS35320,Eurotranstelecom Ltd
AS35426,NXT Initiative SAS
AS35432,Cablenet Communication Systems plc
AS35492,FunkFeuer Wien - Verein zur Foerderung freier Netze
AS35592,Coolhousing s.r.o.
AS35600,Vedege SAS
AS35612,EOLO S.p.A.
AS35613,FASTER CZ spol. s r.o.
AS35617,air2bite s.r.l.
AS35710,weber.digital GmbH
AS35753,Etihad Salam Telecom CJSC
AS35807,SkyNet Ltd.
AS35819,Etihad Etisalat (Mobily)
AS35891,Norwood Light Broadband
AS35916,MULTACOM CORPORATION
AS36007,"""Kamatera", Inc."
AS36236,"""NetActuate", Inc"
AS36352,HostPapa
AS36549,WestTel Ltd.
AS36692,"""Cisco OpenDNS", LLC"
AS36884,Wana Corporate
AS36914,Kenya Education Network
AS37090,ISOCEL SA
AS37100,SEACOM Limited
AS37271,Workonline Communications(Pty) Ltd
AS37301,African Network Information Center - (AfriNIC) Ltd
AS37451,CONGO TELECOM
AS37497,Network Platforms (PTY) LTD
AS37529,Gestora de Infraestructuras de Telecomunicaciones de ...
AS37575,"""UNITEL T+ Telecomunicacoes", Sociedade Unipessoal, S.A."
AS37578,Telecommunication Sevice  Providers Association of Ke...
AS37611,AFRIHOST SP (PTY) LTD
AS37649,SAGA AFRICA HOLDINGS LIMITED
AS37705,TOPNET
AS37904,"""BBIX", Inc."
AS38077,"""Timor Telecom", SA"
AS38170,AAPT Limited
AS38195,Superloop
AS38229,"""Lanka Education & Research Network", NREN"
AS38299,REANNZ Corporate
AS38826,Infinite Networks Pty Ltd
AS38841,kbro CO. Ltd.
AS38896,PT Centra Global Investama
AS38915,Solido Gemeenschappelijk Regeling
AS38927,Net-Build GmbH
AS38965,Rick van der Sterren trading as HostIn
AS39029,Redpill Linpro AS
AS39040,NTS workspace AG
AS39120,Convergenze S.p.A.
AS39122,Blacknight Internet Solutions Limited
AS39134,EDINAYA SET LIMITED LIABILITY COMPANY
AS39351,31173 Services AB
AS39421,Sapinet SAS
AS39521,TNGNET B.V.
AS39542,SIGMA INFORMATIQUE SAS
AS39617,Chris Burton
AS39642,Sinal A/S
AS39648,DataCom Group Nordic AB
AS39686,Eurofiber Nederland BV
AS39699,Lounea Palvelut Oy
AS39702,S-IT Verwaltungs GmbH trading as S-IT Informationstec...
AS39767,Sargasso N1 Limited
AS39790,Web4U s.r.o.
AS39835,goetel GmbH
AS39839,Punktum dk A/S
AS39935,NETSMART (CYPRUS) LTD
AS40021,"""Contabo (Nubes", LLC)"
AS40165,"""Voxology Carrier Services", Inc."
AS40470,Protected.CA Inc.
AS40536,"""PixelDeck Hosting", LLC"
AS40980,Anexia Cloud Solutions GmbH
AS40981,University of Montenegro
AS40994,Alwyzon (Hohl IT)
AS41009,Oleksandr Melnyk
AS41103,teleBIZZ Ltd
AS41108,comtrance service GmbH
AS41114,Orne THD SPL
AS41153,Gamma Communications Nederland B.V.
AS41176,Sahara Al Jazeera Network Information Technology Company
AS41281,KeFF Networks Ltd
AS41303,MatraCOMP Kft.
AS41327,Fiber Telecom S.p.A.
AS41397,Redes Digitales de Telecomunicacion en Internet SL
AS41424,Latvian Railways
AS41436,Kamatera Inc
AS41653,Aqua Ray SAS
AS41676,JMDI Jacek Maleszko
AS41690,Dailymotion S.A.
AS41720,Revolution Provider S.r.l.
AS41745,Baykov Ilya Sergeevich
AS41798,JSC Transtelecom
AS41897,Sat-Trakt D.O.O.
AS41955,SerNet Service Network GmbH
AS41960,Nextpertise B.V.
AS41981,Flying Circus Internet Operations GmbH
AS42184,TKRZ Stadtwerke GmbH
AS42189,Druzstvo EUROSIGNAL
AS42198,"""Jurassic Innovations", LLC"
AS42303,LM Layer and Mesh AB
AS42405,PAN-NET SRL
AS42455,ELITE GROUP.IM LIMITED
AS42518,Unet Communication LLC
AS42541,Fiberby ApS
AS42598,Merk Solutions sp. z o.o.
AS42615,June Slater
AS42652,inexio Informationstechnologie und Telekommunikation Gmbh
AS42669,CITTA' STUDI S.P.A.
AS42675,Obehosting AB
AS42699,axilaris GmbH
AS42729,FunkFeuer Graz - Verein zur Foerderung freier Netze
AS42730,EVANZO e-commerce GmbH
AS42831,UK Dedicated Servers Limited
AS42970,Mezcalito SCOP-SARL
AS43022,Seech-Infocom Ltd.
AS43037,"""Seznam.cz", a.s."
AS43065,Nordlo Sodra Norrland AB
AS43127,Ifolor AG
AS43357,Owl Limited
AS43406,Lighthouse Networks Limited
AS43408,Orange Cyberdefense UK Limited
AS43541,VSHosting s.r.o.
AS43542,"""OptoNet Communication", spol. s.r.o."
AS43619,Association pour l'union des reseaux des residences e...
AS43766,Zain Saudi Arabia
AS43848,Gamsjaeger Kabel-TV & ISP Betriebs GmbH
AS43910,Intra2net AG
AS43950,"Terence Froy trading as """"Spilsby Internet Solutions"""""
AS43957,WNT Telecommunication GmbH
AS43965,Tehran University of Medical Science
AS44024,Radu Draghici
AS44032,"PP """"TRC""""City TV center"""""
AS44050,Petersburg Internet Network ltd.
AS44084,Multiwire S.r.l.
AS44092,HAL Service SpA
AS44097,CLEMENT CAVADORE
AS44133,IPAX GmbH
AS44234,"""Gaya", s.r.o."
AS44297,ICODIA SAS
AS44302,NETregator Kft.
AS44324,MoeDove LLC
AS44407,Linkt SAS
AS44431,OmniAccess S.L.
AS44486,"Oliver Horscht is trading as """"SYNLINQ"""""
AS44567,Technology Transfer Intercontinental S.R.L
AS44574,Network Services Ltd.
AS44656,2provide GmbH
AS44684,Mythic Beasts Ltd
AS44746,Satellithuset i Limmared AB
AS44765,MakeNewMedia Communications GmbH
AS44943,Ramtel Ltd.
AS44949,Gigacodes GmbH
AS44973,Rechenzentrum Hassfurt GmbH
AS45014,Nuco Technologies Ltd
AS45131,REANNZ Head Office
AS45345,Nautile
AS45475,Amuri Net
AS45494,NREN ASN for Misc. Root Servers and Community
AS45797,Queenslea Drive
AS45903,CMC Telecom Infrastructure Company
AS46475,"""Limestone Networks", Inc."
AS46577,"""Halibut Electronics", Inc"
AS46733,x6c
AS47132,Innonet ICT-Services GmbH
AS47160,MOJI SAS
AS47202,Lazer Telecomunicacoes S.A.
AS47272,HYEHOST LLC
AS47286,OTS Ltd.
AS47295,NTT Data Business Solutions Global Managed Services GmbH
AS47447,23M GmbH
AS47490,TuxBox
AS47526,handily networks GmbH
AS47638,Cadence Networks Ltd
AS47689,"""Pudu", LLC"
AS47692,Nessus GmbH
AS47727,Warnet.cz s.r.o.
AS47794,Etihad GO Company For communications
AS47890,UNMANAGED LTD
AS48011,Turunc Smart Bilgisayar Teknoloji Ve Dis Ticaret Limi...
AS48065,Syriatel Mobile Telecom
AS48070,DSM (GB) Limited
AS48101,Trooli Ltd.
AS48112,XINDI Networks SRL
AS48154,Thomas Horx & Christian Wetzig GbR
AS48282,Hosting technology LTD
AS48284,SWU TeleNet GmbH
AS48299,Digita Oy
AS48314,IP-Projects GmbH & Co. KG
AS48328,retarus GmbH
AS48390,Lucas Dousse
AS48661,"""AIRWAYNET", a.s."
AS48753,AVA HOST SRL
AS48777,DARC e.V.
AS48813,Enix SAS
AS48825,Fast4networks Ltd
AS48854,team.blue Denmark (Zitcom)
AS48926,Pe3ny Net s.r.o.
AS48945,OPEN FIBRE NETWORKS (WHOLESALE) LIMITED
AS48956,HyperNET sp. z o.o.
AS49088,TELMEKOM SRL
AS49334,SH ONLINE ILETISIM ANONIM SIRKETI
AS49432,Dominic Schallert trading as schallert.com e.U.
AS49505,JSC Selectel
AS49605,Digital Telecommunication Services S.r.l.
AS49703,CONSULTIC SRL
AS49770,Internetport Sweden AB
AS49791,Newserverlife LLC
AS49798,BBX s.r.o.
AS49800,GNC-Alfa CJSC
AS49855,PLUTEX GmbH
AS50017,fux eG
AS50045,PJSC Montazh
AS50158,Connect LLC
AS50266,Odido Netherlands B.V.
AS50311,Gloman SA
AS50324,Hofnetz und IT Services GmbH
AS50332,SQUILD GmbH
AS50340,Selectel - Moscow
AS50469,Peer Kohlstetter trading as Hessenkom GmbH & Co. KG
AS50599,DATASPACE P.S.A.
AS50620,Blue Networks Technologies SARL
AS50629,LWLcom GmbH
AS50825,UVT Internet s.r.o.
AS50877,Airbeam S.r.l.
AS50973,Vodafone Albania Sh.A.
AS50979,ROUTE 95 LLC
AS50999,King Abdullah University of Science and Technology
AS51088,A2B IP B.V.
AS51124,FOP Dolgiy Andriy Fedorovuch
AS51167,Contabo GmbH
AS51207,Free Mobile SAS
AS51225,Armenian internet traffic exchange 'Armix' foundation
AS51269,HEXATOM s.a.r.l.
AS51333,Arcolink Telecomunicazioni S.r.l.
AS51345,HUGO REGIBO
AS51468,One.com A/S
AS51519,Karabro AB
AS51580,TIMENET SPA
AS51691,F-Solutions Oy
AS51765,Oy Crea Nova Hosting Solution Ltd
AS51815,Kustbandet AB
AS51852,Private Layer INC
AS51929,Advania Sverige AB
AS51948,Marek Matejkowski trading as MARKOMP
AS51996,MicroStrategy Poland Sp. z o.o.
AS52025,ParadoxNetworks Limited
AS52029,Palanet s.r.o.
AS52063,TTP Cloud Group Ltd
AS52073,I2SNETWORK SAS
AS52115,JaroNet-services s.r.o.
AS52130,Livesport s.r.o.
AS52210,Accuris Technologies Ltd.
AS52376,Camara Argentina de Internet CABASE
AS52465,WNet Internet y Hosting
AS52467,Universidad de Ibague
AS52863,UPX TECNOLOGIA LTDA
AS53006,ALGAR TELECOM S/A
AS53343,Ntrix Infrastructure
AS53366,"""TILLMAN FIBERCO", LLC"
AS53667,FranTech Solutions
AS53698,Ninja-IX Corporation
AS53763,"""Lakeside Network", LLC"
AS53910,Northwestel Inc.
AS54148,Dynamic Quantum Networks
AS54334,Swiftnode LLC
AS54594,Illuminate Hillsboro
AS55002,"""F5", Inc."
AS55805,MobiCom Corporation
AS55824,NKN Core Network
AS55911,kazukichi
AS56046,China Mobile Jiangsu Province Network
AS56089,OFFRATEL
AS56357,Technical University of Munich
AS56381,level66.network UG (haftungsbeschraenkt)
AS56427,Michal Hradil
AS56457,FASTPATH IKE
AS56465,Therecom Ltd
AS56588,Information System Authority
AS56655,Gigahost AS
AS56748,ciden GmbH
AS56911,Warian S.R.L.
AS56933,Datagram s.r.o.
AS57050,DreamServer S.R.L.
AS57084,Bjare Kraft ekonomisk forening
AS57154,Stadtwerke Konstanz GmbH
AS57169,EDIS GmbH
AS57218,"""""Rightel Communication Service Company PJS"""""
AS57225,Floris van der Krieken
AS57269,DIGI SPAIN TELECOM S.A
AS57294,Internet Expert s.r.o.
AS57344,Telehouse EAD
AS57407,CK Software GmbH
AS57630,84 Grams AB
AS57692,Kapsi Internet-kayttajat ry
AS57728,CEZNET s.r.o.
AS57777,Jeroen Massar
AS57794,ELLINIKA DIKTIA KALODION MEPE
AS57821,Nonattached Network e.V.
AS57866,Fusix Networks B.V.
AS58079,Skynet Ltd
AS58130,rsnet s.r.o.
AS58220,Tomas Budai
AS58308,Cusae SAS
AS58698,The University of Wollongong
AS59105,Home NOC Operators Group
AS59128,Kyoto University Microcomputer Club
AS59645,Tobias Fiebig
AS59678,SYSTEM36 LLC
AS59699,Lenfiber S.r.l.
AS59715,Comune di San Benedetto del Tronto
AS59729,ROUTE 95 LLC
AS59787,"""WebSP - Comercio e Prestacao de Servicos Informaticos", Lda"
AS59789,CISMO Clearing Integrated Services and Market Operati...
AS59790,Marco Bungalski GmbH
AS59890,Kabel-TV Lampert GmbH & Co KG
AS60016,Fiberstream 87 AG
AS60117,Host Sailor Ltd
AS60131,High5! B.V.
AS60150,area-7 IT-Services GmbH
AS60156,Solution Design Inc Oy
AS60163,KEKLOLWTF AS
AS60171,AFR-IX TELECOM S.A.
AS60213,Helsinge Net Ovanaker AB
AS60273,ALTANETICA S.L.
AS60288,Eurobase GmbH
AS60345,icixs networks GmbH
AS60354,Richie Ltd
AS60362,alwaysdata SARL
AS60377,toob limited
AS60382,Cranleigh School
AS60415,Loginet Solutions LLC
AS60447,I NET BULGARIA EOOD
AS60491,B2 Network SARL
AS60672,ServerChoice Ltd
AS60767,Robert Finze
AS60841,berrybyte Limited
AS60900,Adrian Trifonov trading as Ssmidge Technologies
AS60943,FIBERLAND SRLS
AS61029,DODW Holding B.V.
AS61046,HZ Hosting Ltd
AS61060,NXTcom Nederland BV
AS61098,Exoscale (Akenes SA)
AS61317,Hivelocity LLC
AS61337,Single Mode Networks Ltd
AS61438,ip-it consult GmbH
AS61461,Airtek Solutions C.A.
AS61468,CEDIA
AS61553,CABASE Camara Arg de Base de Datos y Serv en Linea
AS62005,BlueVPS OÜ
AS62024,SIHTASUTUS EESTI TERVISHOIU PILDIPANK
AS62125,Proact Netherlands B.V.
AS62141,COMPAGNIE NATIONALE DU RHONE S.A.
AS62269,Lukas Schauer
AS62310,axilaris GmbH
AS62357,2M-IT Oy
AS62371,Proton AG
AS62418,Data Syst Ltd.
AS62425,Mailbox Internet Hizmetleri Ltd. Sti.
AS62538,ipFail Networks
AS62563,GLOBALTELEHOST Corp.
AS62564,"""LINVEO", LLC"
AS62633,HostRush
AS62787,Snark Holding Corp.
AS63322,Parler Cloud
AS63734,365 Online technology joint stock company
AS63771,Border Gateway Protocol Network Analysis Project
AS63804,DOVA Corporation
AS63806,Human-life Information Platforms Institute
AS63834,PrimeXM Networks (Singapore) PTE. LTD
AS63949,Akamai (Linode)
AS63962,iTools JSC
AS64116,PIT PERU S.A.C
AS64238,DNS-OARC
AS64245,"""DigitalFyre Internet Solutions", LLC."
AS64439,IT Outsourcing LLC
AS64449,Datakonsult Magnus Sandberg
AS132003,Network Research Lab
AS132423,Indian Institute of Technology Bombay
AS133150,GGS Technical Information Services Inc.
AS133159,Mammoth Media Pty Ltd
AS133453,Mogul Service LLC
AS133504,PAOCLOUD
AS134356,"""NBC Co.",Ltd"
AS135371,Fortune Broadband
AS135421,"""SALKELD", MATTHEW T/A MATTHEW SALKELD CONSULTING"
AS135607,Infinivan Incorporated
AS135659,PT Detroit Network Indonesia
AS135887,Belong (Telstra Limited)
AS135932,Viet Storage Technology Joint Stock Company
AS135951,Webico Company Limited
AS135964,RVC Rong Viet Trade Service Telecom Company Limited
AS136308,Deenet Networks Private Limited
AS137037,VEBBLE PVT LTD.
AS137951,ASLINE LIMITED
AS138466,"""DataMossa Co.", Ltd."
AS139049,GIGACOMM PTY LTD
AS140220,Sky Network Television Ltd
AS140344,Takizo Solutions Sdn Bhd
AS140627,OneQode
AS140825,Thien Quang Digital technology joint stock company
AS141235,PrimeXM Networks (Singapore) PTE. LTD
AS142064,VergeTel
AS142594,SpeedyPage Ltd
AS147040,NEBULA SYSTEMS SDN BHD
AS149020,WebHorizon Internet Services
AS149107,TRUMVPS COMPANY LIMITED
AS150000,Data-Beam Business Solution
AS150121,Tasmanian Colo
AS150436,Byteplus Pte. Ltd.
AS150818,HYPERCORE TECHNOLOGY JOINT STOCK COMPANY
AS151660,Neptune Internet
AS151704,BHARAT DATACENTER
AS151858,INTERDIGI JOINT STOCK COMPANY
AS152184,Tamukai Network
AS152407,PT Netfinity Network Indonesia
AS152533,"""National Institute of Technology Karnataka", Surathkal"
AS152865,Tokyo University of Technology Linux Club
AS153720,Mark Delany
AS196610,DE-CIX Academy
AS196621,Matthias Cramer
AS196819,DEMANDO GmbH
AS196827,Conscia Danmark A/S
AS197083,K2 atmitec s.r.o.
AS197164,IsarNet AG
AS197252,Colobridge GmbH
AS197317,TDC Brands A/S
AS197451,Brno University of Technology
AS197524,Leonet GmbH
AS197540,netcup GmbH
AS197564,Stiftelsen for Internetinfrastruktur
AS197669,CloudCall LTD
AS197696,Evolix SARL
AS197706,Keminet SHPK
AS197712,"""10dencehispahard", S.L."
AS197729,Binect GmbH
AS197809,"""Audio Systems s.c. Robert Grzegorek", Aleksander Cuprych"
AS197892,Spoldzielnia Mieszkaniowa W Nowym Tomyslu
AS197975,LINK Mobility GmbH
AS198016,Michael Kieser
AS198024,Istekki Oy
AS198030,Private Entrepreneur Shantyr Yuriy
AS198161,"""Sokolovska uhelna", pravni nastupce, a.s."
AS198249,Ops One AG
AS198259,ECOM SERVICE AD
AS198385,AlpineDC SA
AS198672,ene't Service GmbH
AS198725,Ultimum Technologies a.s.
AS198736,Stream Networks Ltd
AS198761,Simac IT NL B.V.
AS198864,Queen Mary University of London
AS198990,Pine Hosting LTD
AS199081,Lancom Ltd.
AS199095,Citymesh Integrator NV
AS199103,SIA Maklaut
AS199128,PET NET DOO Gevgelija
AS199140,Orange S.A.
AS199188,PrimeXM Services (Cyprus) Ltd
AS199275,SARL IPSET
AS199284,Thueringer Netkom GmbH
AS199297,Vyme SASU
AS199310,XIN BING XIAN
AS199399,National Infrastructures for Research and Technology S.A.
AS199471,Marcel Straub
AS199524,Gcore S.A.
AS199636,Free Pro SAS
AS199656,Zyner
AS199745,terrible llc
AS199811,Wifx SA
AS199839,MikeNetworks S.a r.l.-S.
AS199860,ATOMDATA JSC
AS199912,Layer7 Networks GmbH
AS199918,Wilton Arthur Poth
AS199927,ITB-Kwadraat BV
AS199993,Associacao DNS.PT
AS200019,ALEXHOST SRL
AS200031,Netcity Sp. z o.o.
AS200129,LHISP S.A.
AS200137,AX Networks Ab
AS200223,Lars Jannick Volkers trading as Etheron Hosting
AS200242,Ember Ana
AS200259,The American University of Paris - association declaree
AS200271,Iguane Solutions SAS
AS200350,Yandex.Cloud LLC
AS200401,Kazakov Aleksey Alexandrovich
AS200462,"Lennart Seitz trading as """"ETH-Services"""""
AS200599,eins energie in sachsen GmbH & Co. KG
AS200761,Real Comm srl
AS200906,MCT SAS
AS200995,BIT BV
AS201115,Pylon One Ltd
AS201155,embeDD GmbH
AS201240,Rocket NG GmbH
AS201454,Upheads AS
AS201463,Infront Financial Technology GmbH
AS201644,Brabant Water N.V
AS201727,Blond & Brown s.r.o.
AS201838,Community Fibre Limited
AS201860,MyTelco Ltd
AS201863,Star of Bosphorus Bilgi Teknolojiler San ve Tic A.S.
AS202032,GOLINE SA
AS202066,Green IT Solutions Sarl
AS202112,TELMACO S.A
AS202130,Bida Teknoloji Hizmetleri A.S.
AS202228,Krzysztof Jan Klaptocz trading as Netservice
AS202288,Matthew Martin
AS202329,Verein zur Foerderung freier Netze Region Mittlerer O...
AS202359,AS207960 Cyfyngedig
AS202401,Webhosting24 GmbH
AS202422,G-Core Labs S.A.
AS202454,Pine Media Ltd
AS202585,Nick Bouwhuis
AS202605,"""EMPECOM", s.r.o."
AS202613,Aruba S.p.A.
AS202616,Wien Energie GmbH
AS202662,Hytron Network Services Limited
AS202663,VOGANET SARL
AS202693,Erik Schneider
AS202716,WWK Lebensversicherung a.G.
AS202870,Dimensione S.r.l.
AS203206,A.C. NetFlash Technologies Ltd
AS203273,NetCrafters OU
AS203296,Kristillinen Media Oy
AS203315,Web Wiz Ltd
AS203352,NEYRIAL CENTRE FRANCE SAS
AS203457,Fundacio Institut de Ciencies Fotoniques (ICFO)
AS203476,GANDI SAS
AS203488,DaLuNET s.r.o.
AS203596,CELYA SAS
AS203662,3K33 sp. z o.o.
AS203758,EUGAMEHOST LTD
AS203817,Kuhmon kyläverkko-osuuskunta
AS203860,Aartsen Breda B.V.
AS203924,buerodata AG
AS203953,Hiper A/S
AS203995,Lyse Tele AS
AS204003,Jan-Eric Ortgies
AS204035,oneCorp GmbH
AS204053,ADESTIS GmbH
AS204058,"""Fibris", s.r.o."
AS204089,Apollo Duck Media Ltd
AS204092,Association GRIFON
AS204136,Silent Ghost e.U.
AS204151,EWII Bredbaand A/S
AS204170,Awaser Oman LLC
AS204203,Atrin Information & Communications Technology Company PJS
AS204279,Eltrona Interdiffusion S.A.
AS204310,Synergies GmbH
AS204334,Vassbacks Fibernat ek. for.
AS204467,AIRSTREAM SRL
AS204471,2S Computers SRL
AS204539,Axivora Connect Ltd
AS204666,Jiri Tlapak
AS204671,Habr Europe OU
AS204770,"UAB """"Cherry Servers"""""
AS204778,Paul Nicholas Lewis
AS204796,Krones AG
AS204847,Borgholms Kommun
AS205007,Maxim Azarov trading as eServer
AS205043,Andreas Martin Steiro
AS205094,Tivon Haeberlein
AS205100,F3 Netze e.V.
AS205119,TELEKS DOOEL Skopje
AS205235,Labitat
AS205400,VIVO CONNECTION spol. s r.o.
AS205425,CTS Eventim Solutions GmbH
AS205431,HostLab LLC
AS205617,"P. van den Belt trading as """"QSIT"""" V.O.F."
AS205669,Association ResEl
AS205678,Peoplefone AG
AS205684,ALGATHIA SASU
AS205790,DCSO Deutsche Cyber-Sicherheitsorganisation GmbH
AS205941,Lungu Stefan Gabriel
AS205975,Fibre Assets Ltd
AS205976,Arribatec Cloud AS
AS206014,SARL IPSET
AS206067,Hutchison 3G UK Limited
AS206069,Cornseed Limited
AS206114,Gavle Energi AB
AS206157,Complea A/S
AS206177,SitePark s.r.o.
AS206238,Freedom Internet BV
AS206420,KABEL servis Praha spol. s r.o.
AS206499,LOCIX LIMITED
AS206610,Mixvoip S.A.
AS206628,Tianyu-Zhu
AS206754,Alistair Mackenzie
AS206912,Superdach LTD
AS207041,Innovisio Oy
AS207113,Cyrus Mbitao trading as Wofbit Networks
AS207146,Netikom SRL
AS207151,AZYLIS SARL
AS207160,Factory Campus Verwaltungs-GmbH
AS207176,OPENFIBER B.V.
AS207252,Felix Gassan
AS207375,Fiber Operator B.V.
AS207464,Varanger KraftFiber AS
AS207642,TREEFAZ SASU
AS207727,Asbjorn Sloth Tonnesen trading as a5n
AS207825,Datarymden Internet AB
AS207841,Inferno Communications Ltd
AS207886,ECOMP spol s r.o.
AS207894,Gemeente Sudwest-Fryslan
AS207945,CNI Group s.r.o.
AS207992,FEELB SARL
AS207995,Lightning Fibre
AS208056,Smartcom LLC
AS208135,Carl Fabian Luepke
AS208183,Internetmanufaktur Karlsruhe UG (haftungsbeschraenkt)
AS208323,Foundation for Applied Privacy
AS208329,Ceska televize
AS208395,WDZ Wolfsburger Dienstleistungs- und Meldezentrale Ge...
AS208437,HyperBit SRLs
AS208448,TTK LLP
AS208449,"Micky Del Favero trading as """"BeeCloudy.net"""""
AS208453,Johan Karlsson (SweHosting)
AS208563,CodeReactor Limited
AS208590,Lasagna Ltd
AS208725,Devrandom.be BV
AS208772,Freifunk Stuttgart e.V.
AS208789,SENAT
AS208794,Wolfgang Michael Brandstaetter
AS208814,Tilman Schaefers
AS208920,Rocket Way S.R.L.
AS208927,WILO SE
AS208951,ITGLOBAL.COM NL B.V.
AS208972,GIBIRNet Iletisim
AS208974,Internetmanufaktur Karlsruhe UG (haftungsbeschraenkt)
AS208976,FS IT-Systeme GmbH
AS209040,SeWiKom GmbH
AS209090,Association Stolon
AS209103,Proton AG
AS209179,AfriCloud LLC
AS209198,Offshore Renewable Energy Catapult
AS209347,FNorden e.V. - Freifunk Hannover
AS209424,FASTSPEED A/S
AS209428,FBW NETWORKS SAS
AS209465,VIG SERVICES SHQIPERI Sh.p.k.
AS209505,Unchained ISP Limited
AS209604,2E TELEKOMUNIKASYON LTD STI
AS209710,SNRD NETWORKS LIMITED
AS209735,Lagrange Cloud Technologies Limited
AS209740,m3connect GmbH
AS209815,SNC ALTAREA MANAGEMENT
AS209864,Zhaofeng Li
AS209894,Foerderverein Freie Infrastruktur e.V.
AS209915,trivago N.V.
AS209925,Innovest Sarl
AS209990,Diyaaeldin Moustafa trading as Karmuz
AS210025,Alice Cat Research Ltd
AS210030,Marc MOREAU
AS210140,GAVLEBORGS LANS LANDSTING
AS210258,Wildanet Ltd
AS210302,Pipedrive OU
AS210303,Hamburg Port Authority AoeR
AS210374,Pedro Direito
AS210403,Groupe LWS SARL
AS210429,Hizakura B.V.
AS210464,ANDREW KRISTULI
AS210627,Grayshott Gigabit Limited
AS210656,Yandex.Cloud LLC
AS210732,Alexandre FERNANDES (VUAFGROUP SAS)
AS210793,Altonetz GmbH
AS210805,Open Infra ltd
AS210917,Taurus Bond Srl
AS211186,FAST TELECOM SINGLE MEMBER P.C.
AS211281,NEOHOST SRL
AS211309,Obos Nett AS
AS211327,CODEVAULT SRL
AS211462,Andrei Tiberiu Holt
AS211547,Cedgetec GmbH
AS211588,Innovation Harbor B.V.
AS211623,NAML B.V.
AS211694,Alpes Networks SAS
AS212023,"University of Plovdiv """"Paisiy Hilendarski"""""
AS212027,PebbleHost Ltd
AS212049,Jonathan Nebel
AS212071,Sydney Morrison
AS212123,Jori Vanneste
AS212223,Buy Way Personal Finance SA
AS212245,Stephanie WILDE-HOBBS
AS212321,PC A LA CARTE SASU
AS212441,Cloud assets LLC
AS212635,Jurrian van Iersel
AS212683,Olilo UK & Ireland Ltd
AS212812,CUSTOS messium SLNE
AS212815,Dyjix SAS
AS212832,Association REPTIGO
AS212855,Jelle Luteijn
AS212865,netconnect AG
AS212882,dnx network sarl
AS212948,Davy Letizia
AS213052,Bram Wittendorp trading as BittenBytes
AS213392,Tan Siewert
AS213394,Clever Cloud SAS
AS213459,Snowd Security OU
AS213576,Robert Weir
AS213579,Leon Hubrich
AS213638,Damien LERICHE
AS213768,Thomas Neumann
AS213925,Rabb IT Solutions GmbH
AS214008,Exagenius SAS
AS214138,Julian Kempf trading as Host-Zentrum
AS214213,START - Sines Transatlantic Renewable & Technology Ca...
AS214326,PERGAUD Erwan
AS214329,BGP Network LLC
AS214331,Teske Virtual System Ltda
AS214380,Tim de Boer trading as tim427.net
AS214410,Stadtwerke Waldkirch GmbH
AS214420,Conor Lewis
AS214443,BE BYTE SRL
AS214480,Innova Communications Limited
AS214494,Oy Karl Fazer Ab
AS214649,NetCaT GmbH
AS214696,Uncollapse LLC
AS214822,MT FINANCE LLC
AS215085,Maik Polman trading as PixelHosting
AS215147,Schleyer-EDV UG
AS215248,Bastiaan Mathijs Brink
AS215305,Mastersoft S.R.L.
AS215370,Thomas Sebastiaan Viet trading as Wasabi Hosting
AS215444,MOA Group GmbH
AS215467,Skhron OU
AS215540,GLOBAL CONNECTIVITY SOLUTIONS LLP
AS215666,Nicklas Haken
AS215730,H2NEXUS CLOUD SERVICES - FZCO
AS215733,Blacknight Internet Solutions Limited
AS215760,Adam Grazioli
AS215812,EnkiTech Bilisim Limited Sirketi
AS215916,Josip Tišljar Mataušić
AS216107,Noah van der Aa trading as Frumentum Media
AS216139,Iron Hosting Centre LTD
AS216155,MIRIDIA SASU
AS216190,OCASDEV
AS216333,NetDev UG (haftungsbeschraenkt)
AS216350,Fortnox Aktiebolag
AS216351,Jadyn Emma Jaeger
AS216368,Petersburg Internet Network ltd.
AS216398,Hasso Plattner Institut fuer Digital Engineering gGmbH
AS216444,"UAB """"Cherry Servers"""""
AS219458,Volodymyr Puzanov
AS262903,Tubaron Telecom
AS263224,EMPRESA DE TELECOMUNICACIONES MULTIMEDIA ALFA
AS263703,VIGINET C.A (vnet)
AS263759,CELERO NETWORKS CORP
AS263771,"""IP NET", C.A."
AS264660,MESH COMUNICACIONES C.A.
AS264787,ANDRES POZZI (PUNTONETINTERNET)
AS264837,"""CORPORACION VISUAL NUEVA ESPARTA", C.A"
AS265466,Golfinho Internet
AS265609,TECNIANET S.A DE C.V.
AS265641,TELECOMUNICACIONES ROCARLI C.A (CIX BROADBAND)
AS265762,CASTRO TELLO MARCO IVÁN (CONEXIÓN GLOBAL)
AS267841,GIGAS HOSTING COLOMBIA S.A.S.
AS267957,NITRO TELECOM
AS268482,Connect Telecomunicações LTDA
AS269730,TECNOVEN SERVICES CA
AS269750,Gandalf Comunicaciones C.A.
AS269782,NETWORK SPEED C.A
AS269829,MARACAIBO NET C.A
AS270009,GUALAN JAPON LUIS JOAQUIN (SARAGUROSNET)
AS271842,M & B Soluciones Peru S.A.C. (FASTNET)
AS272809,"""THUNDERNET", C.A."
AS272894,MISTICOM FIBRA OPTICA S.A.C.
AS273002,TRACTORAL SOCIEDAD ANONIMA
AS273103,TV&MÁS S.A.S
AS273120,"""TECNOLOGÍA", INFORMACIÓN Y COMUNICACIONES DE COLOMBI..."
AS273147,MUNICIPALIDAD DE CARRILLO GUANACASTE
AS273149,PUNTO DE TRAFICO DE INTERCAMBIO DE INTERNET GUATEMALA...
AS273192,ALFIBER TELECOMUNICACIONES S.A.C.
AS273843,"""INVERSIONES ABDO 77", C.A."
AS273890,"""SERVICIOS NAP VEN", C.A."
AS327693,Echotel Pty Ltd
AS327750,JENNY INTERNET (PTY) LTD
AS327764,Somali Research & Education Network(SomaliREN)
AS327796,Gabon Internet eXchange (Gab-IX)
AS327822,Airpark Beaufort West CC
AS327824,Converged Telecoms
AS327849,DIRECTEL COMMUNICATIONS (PTY) LTD
AS327934,SOCIETE NATIONALE DES TELECOMMUNICATIONS (Tunisie Telecom)
AS328266,Atomic Access
AS328452,Internet service provider association - DRC
AS328594,Sahel Fiber Telecommunication Chad (SAFITEL TCHAD SA/CA)
AS328870,SynBurst (Pty) Ltd
AS328913,ST DIGITAL
AS328964,Insight Actuarial Solutions (Pty) Ltd
AS329082,"""Connect Services Liberia", LLC"
AS329109,Zoodlabs(SL) Limited
AS329181,Bluedog Technology
AS329325,Maxko for Gaming Development LLC
AS329759,FROSTBYTE NETWORKS
AS393460,NMSURF
AS393577,Tritan Development
AS393886,"""Leaseweb USA", Inc."
AS394177,Shift Hosting LLC
AS394256,Tech Futures Interactive Inc.
AS394380,"""Leaseweb USA", Inc."
AS395379,SCI REMC
AS395412,VS Media Inc.
AS395651,Tahoe Internet Exchange (TahoeIX)
AS395823,doof.net
AS395954,"""Leaseweb USA", Inc."
AS396097,"""Sail Internet", Inc."
AS396185,GILES-CRAIG COMMUNICATIONS INC.
AS396190,"""Leaseweb USA", Inc."
AS396362,"""Leaseweb USA", Inc."
AS396503,WestConnect Communications
AS396515,YYCIX
AS396908,Laurens Technologies Internet Services
AS396952,"""Net253", LLC"
AS397018,Cloud Propeller
AS397097,"""Infrastructure Management Associates", Inc."
AS397168,National Capital Freenet Inc
AS397270,NetInformatik Inc.
AS397727,Atlantic IXPs Inc.
AS397730,Wavelet Systems Ltd
AS397990,Williamslabs LLC
AS398065,Fritz Lab LLC
AS398898,DeVry Greenhouses
AS398960,Cryoflesh Inc
AS399016,Canadian Fiber Optics Corp.
AS399105,CECREVIER
AS399242,CodingFlyBoy LLC
AS399275,Solid Systems LLC
AS399580,Radish Networks
AS399728,P Foundation
AS399760,Zabbly
AS399898,Conexon Connect
AS399899,Lightening Systems
AS400212,VergeTel Group LLC
AS400283,Endless Group
AS400371,PUEBLO OF LAGUNA UTILITY AUTHORITY
AS400564,"""Weston Reed", Sole Proprietorship"
AS400671,stypr LLC
AS400833,Syban Systems Ltd.
AS401012,Laurens Technologies Internet Services
AS401332,Triplebit
AS401446,Converted Networks LLC
AS401555,Blockcast Inc.
AS401903,"""Crimson Pacific Networks", LLC"
AS402104,ZZNYJIDI Inc.
AS402164,"""Rofael Aleezada", Sole Proprietorship"
AS402628,IDC Cube